firstIteration,secondIteration,thirdIteration,fouthIteration,fifthIteration,sixthIteration,seventhIteration,eighthIteration,ninethIteration,tenthIteration,media,desvPadrao
88.4393063583815,88.4393063583815,88.4393063583815,88.4393063583815,88.4393063583815,88.4393063583815,88.4393063583815,88.4393063583815,88.4393063583815,88.4393063583815,88.4393063583815,0
11.560693641618498,11.560693641618498,11.560693641618498,11.560693641618498,11.560693641618498,11.560693641618498,11.560693641618498,11.560693641618498,11.560693641618498,11.560693641618498,11.560693641618498,0
88.4393063583815,88.4393063583815,88.4393063583815,88.4393063583815,88.4393063583815,88.4393063583815,88.4393063583815,88.4393063583815,88.4393063583815,88.4393063583815,88.4393063583815,0
11.560693641618498,11.560693641618498,11.560693641618498,11.560693641618498,11.560693641618498,11.560693641618498,11.560693641618498,11.560693641618498,11.560693641618498,11.560693641618498,11.560693641618498,0