firstIteration,secondIteration,thirdIteration,fouthIteration,fifthIteration,sixthIteration,seventhIteration,eighthIteration,ninethIteration,tenthIteration,media,desvPadrao
83.23699421965318,83.23699421965318,83.23699421965318,83.23699421965318,83.23699421965318,83.23699421965318,83.23699421965318,83.23699421965318,83.23699421965318,83.23699421965318,83.23699421965318,0
16.76300578034682,16.76300578034682,16.76300578034682,16.76300578034682,16.76300578034682,16.76300578034682,16.76300578034682,16.76300578034682,16.76300578034682,16.76300578034682,16.76300578034682,0
82.65895953757226,82.65895953757226,82.65895953757226,82.65895953757226,82.65895953757226,82.65895953757226,82.65895953757226,82.65895953757226,82.65895953757226,82.65895953757226,82.65895953757227,4.4938668397781776e-14
17.341040462427745,17.341040462427745,17.341040462427745,17.341040462427745,17.341040462427745,17.341040462427745,17.341040462427745,17.341040462427745,17.341040462427745,17.341040462427745,17.341040462427745,0