firstIteration,secondIteration,thirdIteration,fouthIteration,fifthIteration,sixthIteration,seventhIteration,eighthIteration,ninethIteration,tenthIteration,media,desvPadrao
79.76878612716763,80.92485549132948,84.39306358381504,85.54913294797687,82.65895953757226,80.92485549132948,86.70520231213872,82.08092485549133,89.01734104046243,88.4393063583815,84.04624277456647,9.850362267810766
20.23121387283237,19.07514450867052,15.606936416184972,14.45086705202312,17.341040462427745,19.07514450867052,13.294797687861271,17.91907514450867,10.982658959537572,11.560693641618498,15.953757225433524,9.850362267810771
81.5028901734104,82.08092485549133,82.08092485549133,86.1271676300578,81.5028901734104,78.61271676300578,86.1271676300578,82.08092485549133,88.4393063583815,87.28323699421965,83.58381502890174,9.505112042124603
18.497109826589597,17.91907514450867,17.91907514450867,13.872832369942197,18.497109826589597,21.387283236994218,13.872832369942197,17.91907514450867,11.560693641618498,12.716763005780347,16.416184971098268,9.505112042124608