firstIteration,secondIteration,thirdIteration,fouthIteration,fifthIteration,sixthIteration,seventhIteration,eighthIteration,ninethIteration,tenthIteration,media,desvPadrao
83.81502890173411,86.70520231213872,87.28323699421965,89.59537572254335,82.65895953757226,83.23699421965318,87.28323699421965,83.81502890173411,82.08092485549133,83.23699421965318,84.97109826589596,7.580853785320222
16.184971098265898,13.294797687861271,12.716763005780347,10.404624277456648,17.341040462427745,16.76300578034682,12.716763005780347,16.184971098265898,17.91907514450867,16.76300578034682,15.028901734104045,7.580853785320232
83.81502890173411,86.70520231213872,86.70520231213872,87.28323699421965,81.5028901734104,81.5028901734104,86.70520231213872,84.39306358381504,80.92485549132948,83.23699421965318,84.27745664739884,7.39342286951189
16.184971098265898,13.294797687861271,13.294797687861271,12.716763005780347,18.497109826589597,18.497109826589597,13.294797687861271,15.606936416184972,19.07514450867052,16.76300578034682,15.722543352601155,7.393422869511899