firstIteration,secondIteration,thirdIteration,fouthIteration,fifthIteration,sixthIteration,seventhIteration,eighthIteration,ninethIteration,tenthIteration,media,desvPadrao
83.81502890173411,83.81502890173411,87.86127167630057,85.54913294797687,84.97109826589596,83.81502890173411,82.65895953757226,86.1271676300578,83.81502890173411,84.39306358381504,84.6820809248555,4.496054678064742
16.184971098265898,16.184971098265898,12.138728323699421,14.45086705202312,15.028901734104046,16.184971098265898,17.341040462427745,13.872832369942197,16.184971098265898,15.606936416184972,15.317919075144511,4.496054678064755
83.23699421965318,83.81502890173411,87.28323699421965,85.54913294797687,84.97109826589596,81.5028901734104,82.08092485549133,86.1271676300578,83.23699421965318,83.81502890173411,84.16184971098266,5.434755733430353
16.76300578034682,16.184971098265898,12.716763005780347,14.45086705202312,15.028901734104046,18.497109826589597,17.91907514450867,13.872832369942197,16.76300578034682,16.184971098265898,15.83815028901734,5.434755733430363