firstIteration,secondIteration,thirdIteration,fouthIteration,fifthIteration,sixthIteration,seventhIteration,eighthIteration,ninethIteration,tenthIteration,media,desvPadrao
86.70520231213872,85.54913294797687,84.95867768595042,86.42384105960265,87.5609756097561,88.87468030690538,87.13235294117646,88.29029385574354,88.03088803088804,86.87798227675528,87.04040270268935,3.6419317525273347
13.294797687861271,14.45086705202312,15.041322314049587,13.57615894039735,12.439024390243903,11.12531969309463,12.867647058823529,11.709706144256456,11.96911196911197,13.122017723244717,12.959597297310655,3.6419317525273316
86.1271676300578,86.99421965317919,89.0909090909091,91.94260485651215,93.82113821138212,94.18158567774935,92.48949579831933,93.766696349065,95.2123552123552,93.72869802317655,91.73548705027056,9.594724356985635
13.872832369942197,13.00578034682081,10.909090909090908,8.05739514348786,6.178861788617886,5.818414322250639,7.510504201680672,6.233303650934996,4.787644787644788,6.271301976823449,8.264512949729422,9.594724356985635